{
    "name": "jMosaic",
    "title": "jQuery jMosaic",
    "description": "A lightweight jQuery plugin that can take a list of page elements and arrange them in a beautiful, tight-fitted tile mosaic grid.",
    "keywords": [
        "mosaic",
        "jMosaic",
        "images",
        "image",
        "elements",
        "element",
        "align",
        "responsive",
        "effect",
        "gallery"
    ],
    "version": "0.1.3",
    "author": {
        "name": "Seleznev Alexander",
        "email": "absenteg@gmail.com",
        "url": "http://whoisabsent.ru"
    },
    "licenses": [
        {
            "type": "MIT",
            "url": "http://www.opensource.org/licenses/mit-license.php "
        }
    ],
    "homepage": "https://github.com/absentik/jMosaic",
    "docs": "https://github.com/absentik/jMosaic/wiki",
    "bugs": "https://github.com/absentik/jMosaic/issues",
    "dependencies": {
        "jquery": ">=1.8"
    }
}
